TRADEDATE,CLOSE,EMA_12,EMA_26,MACD,MACD_signal,RSI,ADX,Stoch_K,Stoch_D,ATR,Signal
2024-10-07,4164,,,,,,0.0,,,0.0,HOLD
2024-10-08,4201,,,,,,0.0,,,0.0,HOLD
2024-10-09,4170,,,,,,0.0,,,0.0,HOLD
2024-10-10,4189,,,,,,0.0,,,0.0,HOLD
2024-10-11,4140,,,,,,0.0,,,0.0,HOLD
2024-10-14,4150,,,,,,0.0,,,0.0,HOLD
2024-10-15,4149,,,,,,0.0,,,0.0,HOLD
2024-10-16,4117,,,,,,0.0,,,0.0,HOLD
2024-10-17,4113,,,,,,0.0,,,0.0,HOLD
2024-10-18,4070,,,,,,0.0,,,0.0,HOLD
2024-10-21,4060,,,,,,0.0,,,0.0,HOLD
2024-10-22,3998,4105.457651848092,,,,,0.0,,,0.0,HOLD
2024-10-23,4090,4103.07955156377,,,,,0.0,,,0.0,HOLD
2024-10-24,4195,4117.2211590154975,,,,58.507420186089114,0.0,97.04433497536945,,35.357142857142854,HOLD
2024-10-25,4160,4123.802519166959,,,,53.18172226969651,0.0,79.80295566502463,,35.33163265306122,HOLD
2024-10-28,4100,4120.140593141274,,,,45.530423522004476,0.0,51.776649746192895,76.20798012886233,37.09365889212828,HOLD
2024-10-29,4312,4149.657424965693,,,,64.80035984178076,0.0,100.0,77.19320180373917,49.586968971261975,HOLD
2024-10-30,4290,4171.248590355586,,,,62.33582208696285,0.0,92.99363057324841,81.59009343981377,47.6164711876004,HOLD
2024-10-31,4190,4174.133422608573,,,,52.55198551375612,0.0,61.146496815286625,84.71337579617834,51.35815181705751,HOLD
2024-11-01,4228,4182.4205883611,,,,55.415650521356724,0.0,73.2484076433121,75.79617834394905,50.403998115839116,HOLD
2024-11-02,4245,4192.0481901517005,,,,56.675412829902626,0.0,78.6624203821656,71.01910828025477,48.01799825042203,HOLD
2024-11-05,4262,4202.810007051439,,,,57.954815126054825,0.0,84.07643312101911,78.6624203821656,45.802426946820454,HOLD
2024-11-06,4297,4217.300775197372,,,,60.538558884456734,0.0,95.22292993630573,85.9872611464968,45.030825022047566,HOLD
2024-11-07,4313,4232.023732859315,,,,61.69733306493759,0.0,100.0,93.09978768577496,42.95719466332988,HOLD
2024-11-08,4399,4257.712389342497,,,,67.26202178571768,0.0,100.0,98.40764331210191,46.03168075880632,HOLD
2024-11-11,4400,4279.602790982112,4224.989082876661,54.613708105451224,,67.3214729776681,0.0,100.0,100.0,42.81513213317729,HOLD
2024-11-12,4385,4295.817746215634,4236.841743404316,58.97600281131781,,65.4028856839978,0.0,95.0,98.33333333333333,40.828336980807485,HOLD
2024-11-13,4498,4326.922708336306,4256.18679944844,70.73590888786566,,71.89982544139444,16.80106752941648,100.0,98.33333333333333,45.983455767892664,HOLD
2024-11-14,4435,4343.5499839768745,4269.432221711519,74.11776226535585,,64.61454848561233,17.421917319451723,84.17085427135679,93.0569514237856,47.19892321304319,HOLD
2024-11-15,4466,4362.388447980432,4283.992797881036,78.39565009939633,,66.41770896136907,18.249830303709846,89.6103896103896,91.26041462724879,46.041857269254386,HOLD
2024-11-18,4453,4376.328686752673,4296.511849889848,79.81683686282486,,64.92361243458575,18.826113415718773,85.3896103896104,86.39028475711893,43.68172460716478,HOLD
2024-11-19,4360,4373.816581098416,4301.214675823933,72.6019052744823,,55.33381076368696,18.11049640495654,55.1948051948052,76.73160173160174,47.20445856379587,HOLD
2024-11-20,4331,4367.229414775582,4303.420996133272,63.808418642310244,,52.71880735997376,17.100294768073805,38.148148148148145,59.57752124418791,45.90414009495331,HOLD
2024-11-21,4240,4347.655658656262,4298.723144567844,48.93251408841752,64.08658253362145,45.45893460279159,16.565840662047258,0.0,31.114317780984447,49.12527294531379,HOLD
2024-11-22,4251,4332.785557324529,4295.1880968220785,37.5974605024503,58.788758127387226,46.419454876873054,15.9385999467125,4.263565891472868,14.137238013207003,46.40203916350566,HOLD
2024-11-25,4155,4305.433933120755,4284.803793353776,20.630139766978573,51.1570344553055,39.82730503382581,16.2509538215702,0.0,1.421188630490956,49.94475065182668,HOLD
2024-11-26,4051,4266.2902511021775,4267.484993846089,-1.1947427439117746,40.68667901546205,34.16654339814647,17.319694573064805,0.0,1.421188630490956,53.80583989098192,HOLD
2024-11-27,4055,4233.784058624919,4251.745364672305,-17.961306047385733,28.957082002892495,34.55184665520706,18.259287579517586,0.8948545861297539,0.2982848620432513,50.24827989876893,HOLD
2024-11-28,4135,4218.586511144163,4243.097559881764,-24.511048737601413,18.263455854793712,41.87852803337797,18.12315329833667,18.79194630872483,6.562266964951529,52.37340276314257,HOLD
2024-11-29,4159,4209.419355583523,4236.868111001633,-27.448755418110522,9.121013600212866,43.907250211123525,17.71596678552844,24.161073825503355,14.615958240119312,50.34673113720381,HOLD
2024-12-02,4270,4218.739454724519,4239.322325001513,-20.582870276993162,3.1802368247716606,52.21484641088254,16.719828467831327,48.993288590604024,30.64876957494407,54.6791074845464,HOLD
2024-12-03,4233,4220.933384766901,4238.85400463103,-17.92061986412864,-1.0399345130083995,49.578943872819224,15.62066528293157,43.855421686746986,39.003261367618116,53.41631409279309,HOLD
2024-12-04,4189,4216.020556341224,4235.161115399102,-19.14055905787791,-4.660059421982301,46.56828712621191,15.01746050755059,33.25301204819277,42.03390744184793,52.74372022902215,HOLD
2024-12-05,4247,4220.786624596421,4236.0380698139825,-15.251445217561923,-6.778336581098225,50.80873710768824,14.025995671013325,48.756218905472636,41.9548842134708,53.119168784092,HOLD
2024-12-06,4290,4231.434836196971,4240.035249827762,-8.600413630790172,-7.142751991036615,53.73992923980248,13.517148377957712,77.3462783171521,53.118503090272505,52.39637101379971,HOLD
2024-12-09,4313,4243.983322935899,4245.440046136817,-1.4567232009176223,-6.005546233012817,55.27507630257037,13.26076284808668,93.57142857142857,73.22464193135112,50.29663022709973,HOLD
2024-12-10,4297,4252.139734791915,4249.2593019785345,2.880432813380139,-4.228350423734226,53.93421190260567,12.836059828437092,93.89312977099236,88.27027888652435,47.84687092516403,BUY
2024-12-11,4231,4248.88746790085,4247.906761091235,0.9807068096151852,-3.1865389770643437,48.687561037130294,12.128772154211932,68.70229007633588,85.38894947291892,49.14352300193803,HOLD
2024-12-12,4141,4232.289395916104,4239.987741751143,-7.698345835039618,-4.088900348659399,42.6016266301444,12.324793945149185,34.35114503816794,65.64885496183207,52.06184278751389,SELL
2024-12-13,4010,4198.091027313626,4222.9516127325405,-24.860585418914525,-8.243237362710424,35.62188139737128,13.489661080471041,0.0,34.35114503816794,57.700282588405756,HOLD
2024-12-16,3982,4164.846253880761,4205.103345122722,-40.25709124196146,-14.646008138560633,34.327314100019876,14.754185218667347,0.0,11.450381679389315,55.57883383209106,HOLD
2024-12-17,3060,3994.8699071298747,4120.280875113632,-125.41096798375702,-36.79900010759991,14.998345016977481,18.68003994339717,0.0,0.0,117.4660599869417,HOLD
2024-12-18,3128,3861.505306032971,4046.7785880681777,-185.27328203520665,-66.49385649312126,18.637141294571663,21.80935529206221,5.426975259377494,1.8089917531258315,113.93276998787444,HOLD
2024-12-19,3310,3776.6583358740527,3992.202396359424,-215.54406048537112,-96.30389729157125,27.573764210213938,23.44652291422713,19.952114924181963,8.459696727853151,118.79471498874055,HOLD
2024-12-20,3480,3731.018591893429,3954.2614781105776,-223.24288621714868,-121.69169507668674,34.77972771413596,23.942698251729887,33.5195530726257,19.632881085395052,122.45223534668766,HOLD
2024-12-23,3541,3701.7849623713632,3923.6495167690537,-221.86455439769043,-141.72626694088748,37.19441023909294,24.0600563949851,38.3878691141261,30.619845703644586,118.06278996478139,HOLD
2024-12-24,3431,3660.1257373911535,3887.156959971346,-227.03122258019266,-158.7872580687485,34.69953614034793,24.524162711893723,29.608938547486034,33.83878691141261,117.48687639586844,HOLD
2024-12-25,3426,3624.1063931771296,3852.997185158654,-228.89079198152422,-172.80796485130367,34.585974156012156,24.971288246658084,29.209896249002394,32.40223463687151,109.45209951044926,HOLD
2024-12-26,3395,3588.8592557652637,3819.071467739494,-230.21221197423029,-184.288814275889,33.84637261473004,25.491795539665336,26.73583399840383,28.51822293163075,103.84837811684574,HOLD
2024-12-27,3496,3574.5732164167616,3795.140247906939,-220.56703149017721,-191.54445771874666,38.46353058557379,25.31812622769678,35.24656426839127,30.397431505265832,103.64492253707104,HOLD
2024-12-28,3636,3584.023490814183,3783.3520813953137,-199.3285905811308,-193.1012842912235,44.269870642560946,24.330150365315056,49.18872758326217,37.05704195001909,106.24171378442311,HOLD
2024-12-30,3710,3603.4044922273856,3777.91859388455,-174.51410165716425,-189.38384776441166,47.110581625702416,23.008078511885167,60.129509713228494,48.18826718829397,103.9387342283929,HOLD
2025-01-03,3626,3606.8807241924032,3766.6653647079165,-159.78464051551327,-183.46400631463197,44.34723241647584,22.17388727251411,59.578947368421055,56.29906155497057,102.51453892636484,HOLD
2025-01-06,3599,3605.6683050858796,3754.2457080628856,-148.57740297700593,-176.48668564710675,43.464714964784136,21.52496420229974,58.45986984815618,59.38944230993525,97.12064328876735,HOLD
2025-01-08,3609,3606.1808735342056,3743.486766724894,-137.3058931906885,-168.6505271558231,43.90992375442449,20.858959896913433,84.46153846153847,67.5001185593719,90.89774019671255,HOLD
2025-01-09,3514,3591.9992006827893,3726.487746967495,-134.48854628470554,-161.8181309815996,40.63603611604745,20.706899035289403,66.32302405498282,69.74814412155915,91.19075875409023,HOLD
2025-01-10,3669,3603.8454775008217,3722.229395340273,-118.38391783945144,-153.13128835316996,47.51228419508133,19.585619916713874,89.75,80.1781875055071,95.74856170022665,HOLD
2025-01-13,3685,3616.3307886545417,3719.471662352105,-103.14087369756317,-143.1332054220486,48.17955595081083,18.449293693619705,92.06349206349206,82.71217203949163,90.05223586449617,HOLD
2025-01-14,3750,3636.895282707689,3721.7330206963934,-84.83773798870425,-131.47411193537974,50.90989802039977,17.258185862286936,100.0,93.93783068783068,88.26279044560358,HOLD
2025-01-15,3741,3652.911393060352,3723.1602043485127,-70.2488112881606,-119.22905180593592,50.51304171237677,16.095609996221196,97.46478873239437,96.50942693196214,82.6011625566319,HOLD
2025-01-16,3814,3677.694255666452,3729.8890781004748,-52.194822434022626,-105.82220593155327,53.66788791934072,15.466066447843394,100.0,99.15492957746478,81.91536523115819,HOLD
2025-01-17,3842,3702.972062486998,3738.1935908337728,-35.2215283467749,-91.7020704145976,54.856666342169966,15.051083368912634,100.0,99.15492957746478,78.06426771464689,HOLD
2025-01-20,3800,3717.8994374889985,3742.771843364604,-24.872405875605637,-78.3361375067992,52.673499480579586,14.35460610838747,87.86127167630057,95.95375722543353,75.48824859217211,HOLD
2025-01-21,3801,3730.684139413768,3747.0850401524112,-16.40090073864303,-65.94909015316797,52.72174470745945,13.714759907644227,87.5,91.78709055876686,70.16765940701696,HOLD
2025-01-22,3782,3738.5788871962654,3749.671333474455,-11.092446278189527,-54.97776137817229,51.644504973715186,12.96707537105139,81.70731707317073,85.6895295831571,66.51282659223003,HOLD
2025-01-23,3805,3748.7975199353014,3753.769753217088,-4.97223328178643,-44.97665575889512,52.89912012681789,12.45178543697605,88.71951219512195,85.97560975609757,63.40476754992788,HOLD
2025-01-24,3760,3750.5209784067933,3754.231252978785,-3.710274571991704,-36.72337952151444,50.15712492621622,11.582417754737051,75.0,81.8089430894309,62.0901412963616,HOLD
2025-01-27,3679,3739.517750959594,3748.6585675729493,-9.140816613355128,-31.206866939882577,45.57753814120655,11.388059182776912,50.30487804878049,71.34146341463415,63.44084548947863,HOLD
2025-01-28,3721,3736.66886619658,3746.6097847897677,-9.940918593187689,-26.9536772705436,48.217661812069146,10.830917301355488,63.109756097560975,62.80487804878049,61.90935652594444,HOLD
2025-01-29,3703,3731.489040627875,3743.3794303608956,-11.890389733020584,-23.941019763038998,47.16171135794433,10.464169047352385,19.653179190751445,44.35593777903097,58.7729739169484,HOLD
2025-01-30,3708,3727.8753420697403,3740.758731815644,-12.883389745903514,-21.729493759611902,47.505611581144684,10.074549077397332,17.791411042944784,33.5181154437524,54.932047208594945,HOLD
2025-01-31,3664,3718.0483663667032,3735.0728998293,-17.024533462596537,-20.78850170020883,44.74565685498732,10.10642479802985,0.0,12.481530077898745,54.15118669369531,HOLD
2025-02-03,3627,3704.0409253872103,3727.067499841944,-23.02657445473369,-21.236116251113806,42.50913550461858,10.455077219940682,0.0,5.930470347648261,52.92610192985993,HOLD
2025-02-04,3562,3682.1884753276395,3714.8402776314297,-32.65180230379019,-23.519253461649086,38.83664886105939,11.302821340846197,0.0,0.0,53.788523220584224,HOLD
2025-02-05,3575,3665.697940661849,3704.48173854762,-38.78379788577104,-26.572162346473476,39.953967258527314,11.930581649241162,4.642857142857143,1.5476190476190477,50.875057276256776,HOLD
2025-02-06,3573,3651.4367190215644,3694.742350507055,-43.30563148549072,-29.918856174276925,39.833406920489765,12.5307053834859,4.526748971193416,3.0565353713501864,47.38398175652414,HOLD
2025-02-07,3465,3622.7541468644004,3677.7243986176436,-54.97025175324325,-34.92913529007019,33.886982664565025,13.936639607954517,0.0,3.0565353713501864,51.713697345343846,HOLD
2025-02-10,3491,3602.4842781160314,3663.8929616830033,-61.40868356697183,-40.22504494545052,36.350402182858765,14.890593310886771,7.647058823529412,4.057935931574276,49.877004677819286,HOLD
2025-02-11,3513,3588.7174660981805,3652.71570526204,-63.99823916385958,-44.97968378913234,38.4405646439495,15.478098758978533,14.117647058823529,7.254901960784314,47.88579005797505,HOLD
2025-02-12,3620,3593.530163621537,3650.2923196870743,-56.762156065537056,-47.33617824441329,47.47491491564648,14.734043977629417,52.54237288135593,24.769026254569624,52.10823362526254,HOLD
2025-02-13,3530,3583.7562922951465,3641.3817774880317,-57.62548519288521,-49.39403963410768,41.90428681383331,14.83830633867193,25.390625,30.683548313393157,54.81478836631522,HOLD
2025-02-14,3515,3573.1784011728164,3632.0201643407704,-58.841763167954014,-51.28358434087695,41.039955426953924,15.058511845584762,19.53125,32.488082627118644,51.97087491157841,HOLD
2025-02-17,3591,3575.920185607768,3628.9816336488616,-53.06144804109363,-51.639157080920285,47.00438337700673,14.41142850473929,51.851851851851855,32.257908950617285,53.68724098932281,HOLD
2025-02-18,3514,3566.394003206573,3620.4644756007974,-54.07047239422445,-52.125420143581124,42.331969701273906,14.477636270444739,20.16460905349794,30.515903635116597,55.352438061514036,HOLD
2025-02-19,3567,3566.487233482485,3616.5041440748123,-50.01691059232735,-51.70371823333038,46.28956536225369,13.974016352472097,51.256281407035175,41.09091410412832,55.1844067714059,HOLD
2025-02-20,3728,3591.3353514082564,3624.763096365567,-33.42774495731055,-48.04852357812642,56.137115141515714,13.85167194443103,100.0,57.1402968201777,62.742663430591186,HOLD
2025-02-21,3800,3623.4376050377555,3637.743607745895,-14.306002708139658,-41.30001940412907,59.69596261173316,14.246357459862539,100.0,83.75209380234506,63.403901756977525,HOLD
2025-02-24,3874,3661.9856658011777,3655.244081246199,6.7415845549785445,-31.691698612307544,63.01717165266629,15.08723203479486,100.0,100.0,64.16076591719342,BUY
2025-02-25,3887,3696.6032556779196,3672.4111863390735,24.192069338846068,-20.514945022076823,63.584880566195324,15.949135100630855,100.0,100.0,60.50642549453674,HOLD
2025-02-26,3744,3703.895062496701,3677.7140614250684,26.181001071632636,-11.175755803334933,53.801339956480334,15.35240155047825,66.11374407582939,88.7045813586098,66.3988236734984,HOLD
2025-02-27,3617,3690.5265913433623,3673.21672354173,17.30986780163221,-5.478631082341506,46.899529268280276,14.698965200863435,31.818181818181817,65.97730863133707,70.72747912539137,HOLD
2025-02-28,3810,3708.9071157520757,3683.3488180941945,25.558297657881212,0.7287546657030379,56.1133656916357,14.521906443889652,79.41176470588235,59.11456353329785,79.46123061643483,HOLD
2025-03-03,3811,3724.6137133286793,3692.8044611983287,31.809252130350615,6.944854158632554,56.155816062827405,14.363558279298067,79.62466487935657,63.61820380114025,73.8568570009752,SELL
2025-03-04,3826,3740.2116035858057,3702.67079740586,37.540806179945776,13.064044562895198,56.830349818842215,14.312870270482112,83.6461126005362,80.8941807285917,69.65279578661982,BUY
2025-03-05,3664,3728.4867414956816,3699.806293894315,28.680447601366723,16.187325170589503,48.20473878921359,13.54718560373237,40.21447721179624,67.828418230563,76.24902465900412,HOLD
2025-03-06,3563,3703.0272428040385,3689.672494346588,13.354748457450569,15.620809827961716,43.74668101408919,13.4729399059446,13.136729222520108,45.66577301161752,78.01695146907525,SELL
2025-03-07,3516,3674.2538208341866,3676.8078651357296,-2.5540443015429446,11.985839002060784,41.808980290101424,13.680766840121958,0.5361930294906166,17.962466487935654,75.80145493556986,HOLD
2025-03-10,3422,3635.4455407058504,3657.9332084590087,-22.487667753158348,5.091137651016958,38.16771415414136,14.393855676217068,0.0,4.557640750670242,77.1013510116006,HOLD
2025-03-11,3443,3605.838534443412,3642.0122300546377,-36.17369561122587,-3.161829001431607,39.436733555597144,14.874746244684706,4.516129032258065,1.6841073539162272,73.09411165362913,HOLD
2025-03-12,3429,3578.6326060675024,3626.2335463468867,-47.600940279384304,-12.049651257022147,38.86407634333062,15.403085065002532,1.5053763440860215,2.007168458781362,68.8731036783699,HOLD
2025-03-13,3356,3544.3814359032713,3606.2162466174877,-61.834810714216474,-22.006683148461015,35.934000413459486,16.312218448455962,0.0,2.007168458781362,69.16788198705777,HOLD
2025-03-14,3422,3525.5535226873835,3592.5705987198958,-67.01707603251225,-31.008761725271263,40.315265674216555,16.530595062888487,12.429378531073446,4.644918291719822,68.94160470226792,HOLD
2025-03-17,3438,3512.0837499662475,3581.120924740644,-69.03717477439659,-38.61444433509633,41.36217844943099,16.58383107957622,17.4468085106383,9.958729013903914,65.16006150924879,HOLD
2025-03-18,3390,3493.3016345868245,3566.9638192043003,-73.66218461747576,-45.623992391572216,39.143894171847464,16.950127752721357,7.23404255319149,12.37007653163441,63.93434283001674,HOLD
2025-03-19,3397,3478.4859984965437,3554.3739066706485,-75.88790817410472,-51.67677554807872,39.652190292740556,17.21765440368668,8.72340425531915,11.134751773049645,59.867604056444115,HOLD
2025-03-20,3391,3465.02661411246,3542.2721358061563,-77.24552169369645,-56.79052477720227,39.34881362731246,17.50940708220393,7.446808510638298,7.801418439716312,56.01991805241239,HOLD
2025-03-21,3381,3452.099442710543,3530.3260516723667,-78.22660896182379,-61.07774161412658,38.81577741585893,17.856460664508177,5.319148936170213,7.163120567375887,52.73278104866865,HOLD
2025-03-24,3343,3435.314913062767,3516.450047844784,-81.13513478201685,-65.08922024770465,36.77700072812282,18.46995124277873,0.0,4.25531914893617,51.680439545192314,HOLD
2025-03-25,3354,3422.804926437726,3504.4167109673926,-81.61178452966669,-68.39373310409707,37.79553743334855,18.894130530047327,5.0,3.439716312056737,48.77469386339286,HOLD
2025-03-26,3262,3398.065706985768,3486.4599175624007,-88.39421057663276,-72.39382859860422,33.00618549895958,19.97215139560598,0.0,1.6666666666666667,51.86221573029337,HOLD
2025-03-27,3204,3368.209444372573,3465.536960705927,-97.32751633335374,-77.38056614555413,30.391534630303212,21.346670378683605,0.0,1.6666666666666667,52.300628892415276,HOLD
2025-03-28,3181,3339.4079913921773,3444.4601488017843,-105.05215740960693,-82.91488439836469,29.39703101441917,22.765074332125305,0.0,0.0,50.20772682867133,HOLD
2025-03-31,3358,3342.2683004087658,3438.055693334986,-95.78739292622004,-85.48938610393576,44.4594309512718,21.93054298055316,68.8715953307393,22.957198443579767,59.26431776948052,HOLD
2025-04-01,3184,3317.9193311151093,3419.2367530879496,-101.3174219728403,-88.65499327771667,36.26806603699076,22.325753504949326,1.1673151750972763,23.346303501945524,67.45972364308905,HOLD
2025-04-02,3283,3312.5471263281697,3409.1451417481017,-96.59801541993193,-90.24359770615973,42.73304471809732,21.769208737703217,39.688715953307394,36.57587548638133,69.71260052572555,HOLD
2025-04-03,3213,3297.232183816144,3394.615871988983,-97.38368817283936,-91.67161579949565,39.66891039211232,21.69013207835615,12.45136186770428,17.769130998702984,69.73312905960229,HOLD
2025-04-04,3088,3265.042617075199,3371.9035851749845,-106.86096809978562,-94.70948625955366,34.861738418684425,22.303418913937968,0.0,17.380025940337223,73.68076269820212,HOLD
2025-04-07,3040,3230.4206759867066,3347.318134421282,-116.89745843457558,-99.14708069455804,33.19806504266556,23.110560519150976,0.0,4.150453955901427,71.8464225054734,HOLD
2025-04-08,2958,3188.5098027579825,3318.47975409378,-129.9699513357973,-105.3116548228059,30.518640627970427,24.242815025343994,0.0,0.0,72.57167804079673,HOLD
2025-04-09,3073,3170.739063872139,3300.2960686053516,-129.55700473321258,-110.16072480488725,38.06803742986398,24.215743066536966,27.18676122931442,9.062253743104806,75.6022724664541,HOLD
2025-04-10,3012,3146.3176694302715,3278.9408042642144,-132.6231348339429,-114.65320681069839,35.84334895673841,24.50840976477554,13.5,13.562253743104806,74.55925300456452,HOLD
2025-04-11,3084,3136.7303356717684,3264.5007446890872,-127.7704090173188,-117.27664725202249,40.27962524662626,24.14643424688407,31.5,24.062253743104804,74.37644921852419,HOLD
2025-04-14,3100,3131.079514799189,3252.3155043417473,-121.2359895425584,-118.06851571012967,41.25179844953703,23.671435508345116,35.5,26.833333333333332,70.20670284577245,HOLD
2025-04-15,3194,3140.7595894454676,3247.9958373534696,-107.23624790800204,-115.90206214970416,46.73753489432665,22.44670504429579,59.0,42.0,71.90622407107442,HOLD
2025-04-16,3144,3141.2581141461646,3240.292441993953,-99.03432784778852,-112.52851528932104,44.36450693195675,21.64845143184706,46.5,47.0,70.34149378028339,HOLD
2025-04-17,3151,3142.7568658159857,3233.678187031438,-90.92132121545228,-108.20707647454729,44.78716563369679,20.846837244666858,48.25,51.25,65.81710136740601,HOLD
2025-04-18,3080,3133.1019633827573,3222.294617621702,-89.19265423894467,-104.40419202742677,41.355418456925925,20.592720686435595,37.53846153846154,44.09615384615385,66.18730841259129,HOLD
2025-04-21,3125,3131.8555074777178,3215.087608908983,-83.23210143126516,-100.16977390819446,44.27008537927862,19.940381529756188,51.38461538461539,45.72435897435898,64.67392924026335,HOLD
2025-04-22,3145,3133.8777370965304,3209.895934174984,-76.0181970784538,-95.33945854224633,45.565000869749674,19.149653055212177,73.33333333333333,54.085470085470085,61.48293429453025,HOLD
2025-04-23,3123,3132.2042390816796,3203.459198310171,-71.25495922849132,-90.52255867949533,44.344412240251636,18.589771707803184,69.91525423728814,64.87773431841228,58.662724702063805,HOLD
2025-04-24,3127,3131.4035869152676,3197.795553990899,-66.39196707563133,-85.69644035872253,44.634812304079354,18.028396803382794,71.61016949152543,71.6195856873823,54.758244366202106,HOLD
2025-04-25,3297,3156.879958159073,3205.1440314730544,-48.2640733139815,-78.20996694977433,55.30794426593755,17.498902845541846,100.0,80.50847457627118,62.98979834004481,HOLD
2025-04-28,3233,3168.5907338269076,3207.2074365491244,-38.616702722216814,-70.29131410426282,51.29857429173792,16.434472019842097,77.54385964912281,83.05134304688274,63.061955601470174,HOLD
2025-04-29,3162,3167.576774776614,3203.8587375454854,-36.28196276887138,-63.48944383718454,47.20988059064499,15.6591811511304,52.63157894736842,76.72514619883042,63.62895877279373,HOLD
2025-04-30,3204,3173.180347887904,3203.869201431005,-30.688853543100777,-56.92932577836778,49.76080494109155,14.574853874698269,57.142857142857146,62.439431913116124,62.08403314616561,HOLD
2025-05-02,3107,3162.9987559051497,3196.6937050287083,-33.69494912355867,-52.282450447405964,44.421932877449734,14.330665491847256,12.442396313364055,40.73894413452987,64.57803077858236,HOLD
2025-05-05,3066,3148.0758703812803,3187.0126898413964,-38.93681946011611,-49.61332424994799,42.35346914006006,14.399410926331727,0.0,23.19508448540707,62.89388572296934,HOLD
2025-05-06,3074,3136.679582630314,3178.641379482774,-41.961796852459884,-48.08301877045038,42.91204958144056,14.383449476181509,3.463203463203463,5.301866592189173,58.97289388561438,HOLD
2025-05-07,3105,3131.805800687189,3173.18646248405,-41.380661796861204,-46.74254737573255,45.130746547742646,14.051674095692885,16.883116883116884,6.782106782106783,56.97483003664193,HOLD
2025-05-08,3102,3127.22029288916,3167.9133911889353,-40.6930982997751,-45.53265756054106,44.948686443401826,13.769605287905037,15.584415584415584,11.976911976911978,53.11948503402465,HOLD
2025-05-12,3191,3137.0325555215973,3169.6235103601252,-32.59095483852798,-42.94431701613844,51.23381912312787,12.962309601118038,54.112554112554115,28.86002886002886,55.68237896016574,HOLD
2025-05-13,3148,3138.7198546721206,3168.021768851968,-29.301914179847245,-40.21583644888021,48.36101944390632,12.270579024729594,35.497835497835496,35.064935064935064,54.776494748725334,HOLD
2025-05-14,3096,3132.1475693379484,3162.6868230110817,-30.539253673133317,-38.28051989373083,45.069821363301656,12.098425104805392,12.987012987012987,34.1991341991342,54.578173695244956,HOLD
2025-05-15,3089,3125.5094817474946,3157.2285398250756,-31.71905807758094,-36.968227530500855,44.62950982062543,12.001469066584123,9.956709956709958,19.48051948051948,51.179732717013174,HOLD
2025-05-16,3163,3131.2772537863416,3157.6560553935883,-26.378801607246714,-34.850342345850024,50.17155349972307,11.16872018767245,41.99134199134199,21.645021645021643,52.80975180865509,HOLD
2025-05-19,3110,3128.0038301269046,3154.1259772162857,-26.122147089381087,-33.10470329455624,46.575870552600854,10.860120987363839,26.347305389221557,26.098452445757832,52.82334096517973,HOLD
2025-05-20,3091,3122.310933184304,3149.4499789039683,-27.13904571966441,-31.911571779577876,45.3218802571413,10.752704924891892,18.115942028985508,28.81819646984968,50.407388039095466,HOLD
2025-05-21,3058,3112.416943463642,3142.6759063925633,-30.25896292892139,-31.581050009446578,43.14893732268448,10.96338002447085,0.0,14.821082472735688,49.164003179160076,HOLD
2025-05-22,3041,3101.4297213923123,3135.144357770892,-33.7146363785796,-32.00776728327318,42.03096907184645,11.318715773995534,0.0,6.038647342995167,46.866574380648636,HOLD
2025-05-23,3070,3096.594379639649,3130.3188497878627,-33.72447014821364,-32.35110785626127,44.66483888323663,11.272405069482302,19.333333333333332,6.444444444444442,45.590390496316594,HOLD
2025-05-26,3006,3082.656782772011,3121.1100460998728,-38.453263327861805,-33.571538950581385,40.31175867673474,11.851267813613058,0.0,6.444444444444442,46.90536260372255,HOLD
2025-05-27,3059,3079.017277730163,3116.5093019443266,-37.49202421416339,-34.35563600329779,45.08488950510612,11.706910161423332,28.64864864864865,15.99399399399399,47.3406938463138,HOLD
2025-05-28,3079,3079.0146196178302,3113.7308351336355,-34.71621551580529,-34.42775190579929,46.81333667737482,11.325943631255663,39.45945945945946,22.702702702702698,45.38778714300567,HOLD
2025-05-29,3037,3072.5508319843175,3108.047069568181,-35.4962375838636,-34.64144904141216,43.702518071425835,11.416589768654914,16.756756756756758,28.28828828828829,45.145802347076696,HOLD
2025-05-30,3058,3070.3122424482685,3104.3398792297976,-34.027636781529054,-34.51868658943554,45.64734319460632,11.22292994686531,33.12101910828026,29.779078441498825,43.42110217942836,HOLD
2025-06-02,3093,3073.8026666869964,3103.4998881757383,-29.69722148874189,-33.55439356929681,48.82070312689178,10.589767194293744,55.4140127388535,35.0972628679635,42.81959488089776,HOLD
2025-06-03,3147,3085.063794888997,3106.7221186812394,-21.6583237922423,-31.175179613885913,53.34648221378162,10.311418409824617,89.80891719745223,59.447983014862,43.61819524654792,HOLD
2025-06-04,3145,3094.284749521459,3109.557517297444,-15.272767775984903,-27.994697246305712,53.158984218280594,10.026166355134336,88.53503184713375,77.91932059447983,40.645467014651636,HOLD
2025-06-05,3245,3117.471711133542,3119.59029379393,-2.1185826603878013,-22.81947432912213,60.61311727148022,10.826163767612254,100.0,92.78131634819533,44.88507651360509,HOLD
2025-06-06,3166,3124.937601728382,3123.0280498091947,1.909551919187379,-17.873669079460228,53.38534201413109,10.536482402380285,66.94560669456067,85.16021284723148,47.321856762633296,BUY
2025-06-09,3165,3131.1010476163233,3126.137083156662,4.963964459661383,-13.306142371635906,53.298703248725765,10.255115631489847,66.52719665271967,77.82426778242677,44.01315270815949,HOLD
2025-06-10,3025,3114.777809521504,3118.6454473672793,-3.8676378457753344,-11.418441466463793,42.82112297104012,10.548161906120113,7.949790794979079,47.14086471408646,50.8693560861481,SELL
2025-06-11,3031,3101.888915748965,3112.1531920067405,-10.264276257775691,-11.187608424726173,43.33524389116987,10.74683058382625,10.460251046025105,28.31241283124128,47.664402079994666,HOLD
2025-06-13,3002,3086.521390249124,3103.9936963025375,-17.472306053413377,-12.444547950463615,41.39776073566885,11.208091440105989,0.0,6.136680613668056,46.331230502852186,HOLD
2025-06-16,3066,3083.36425328772,3101.1793484282753,-17.81509514055506,-13.518657388481905,47.02662754141394,10.832282479596001,26.337448559670783,12.26589986856529,47.59328546693417,HOLD
2025-06-17,3058,3079.462060474225,3097.980878174329,-18.518817700104137,-14.518689450806352,46.426331027934026,10.569073510819264,23.045267489711936,16.460905349794235,44.76519364786744,HOLD
2025-06-18,3061,3076.6217434781906,3095.24155386512,-18.619810386929203,-15.338913638030922,46.701092757908725,10.285413559666551,24.279835390946502,24.55418381344307,41.78196553016262,HOLD
2025-06-19,3078,3076.8337829430843,3093.964401726963,-17.130618783878617,-15.697254667200461,48.31861891762368,9.790940165745079,31.275720164609055,26.200274348422493,40.01182513515101,HOLD
2025-06-20,3048,3072.3978163364563,3090.5596312286693,-18.161814892212988,-16.190166712202966,45.68379154847377,9.70818959234675,18.930041152263374,24.828532235939644,39.296694768354506,HOLD
2025-06-23,3036,3066.798152284694,3086.5181770635827,-19.720024778888728,-16.896138325540118,44.63530978384361,9.781132654531266,13.991769547325102,21.399176954732507,37.34693085632919,HOLD
2025-06-24,3063,3066.213821163972,3084.7760898736874,-18.562268709715227,-17.22936440237514,47.552029067866236,9.432191806667772,25.102880658436213,19.341563786008226,36.60786436659139,HOLD
2025-06-25,3146,3078.4886179079763,3089.3111943274885,-10.822576419512188,-15.94800680580255,55.34084242340928,9.521438936873071,59.25925925925926,32.78463648834019,39.92158834040629,HOLD
2025-06-26,3103,3082.2595997682874,3090.3251799328596,-8.065580164572111,-14.371521477556463,51.106429623398874,8.999395952791476,61.58536585365854,48.649168590451325,40.141474887520125,HOLD
2025-06-27,3215,3102.6811998039357,3099.560351789685,3.120848014250896,-10.873047579194992,59.745976644005246,9.748862004500113,100.0,73.61487503763927,45.27422668126869,BUY
2025-06-30,3233,3122.730245987945,3109.444770175634,13.285475812311233,-6.041342900893747,60.9405278104249,10.61544486430265,100.0,87.1951219512195,43.326067632606645,HOLD
2025-07-01,3217,3137.233285066723,3117.411824236698,19.82146083002499,-0.8687821547100003,59.25719980637709,11.17965377495113,93.07359307359307,97.69119769119767,41.37420565884902,HOLD
2025-07-02,3220,3149.9666258256884,3125.010948367313,24.95567745837525,4.2961097679070495,59.483186969230715,11.735845916126141,94.37229437229438,95.81529581529581,38.63319096893123,SELL
2025-07-03,3268,3168.1256064678905,3135.6027299697344,32.522876498156165,9.941463113956873,63.01771405413805,12.757242314954008,100.0,95.81529581529581,39.30224875686471,BUY
2025-07-04,3291,3187.0293593189845,3147.113638860865,39.91572045811927,15.936314582789352,64.61079598979492,13.933264906421929,100.0,98.12409812409811,38.13780241708866,HOLD
2025-07-07,3265,3199.0248425006794,3155.845961908208,43.17888059247116,21.384827784725715,61.39134580076118,14.565364846486236,89.80392156862744,96.60130718954247,37.27081653015375,HOLD
2025-07-08,3353,3222.7133282698055,3170.4499647298226,52.26336353998295,27.560534935777163,67.3257399453964,16.000085218744427,100.0,96.60130718954247,40.89432963514277,SELL
2025-07-09,3300,3234.603585459066,3180.0462636387247,54.55732182034126,32.95989231268999,61.22224159334119,16.460397857859668,83.28075709779179,91.02822622213974,41.75902037548972,BUY
2025-07-10,3347,3251.8953415422866,3192.4132070728933,59.48213446939326,38.26434074403065,64.31201346056376,17.329226920160473,98.10725552050474,93.79600420609883,42.133376062954746,HOLD
2025-07-11,3230,3248.526827458858,3195.1974139563827,53.32941350247529,41.27735529571958,52.9924345091723,16.518914948955786,57.58620689655172,79.65807317161607,47.48099205845798,HOLD
2025-07-14,3324,3260.1380847728797,3204.7383462559096,55.39973851697005,44.10183193996968,59.20500992041339,16.653992976572997,88.4,81.36448747235214,50.8037783399967,SELL
2025-07-15,3442,3288.116840961667,3222.313283570287,65.80355739138031,48.442177030251806,65.38885640893486,17.662829103459973,100.0,81.99540229885058,55.603508458568356,BUY
2025-07-16,3492,3319.4834808137184,3242.290077379895,77.19340343382328,54.1924223109661,67.62805852065651,18.919491504367247,100.0,96.13333333333333,55.2032578543849,HOLD
2025-07-17,3450,3339.5629453039155,3257.675997573977,81.88694772993858,59.731327394760605,63.88895816539373,19.55223530003298,84.72727272727273,94.90909090909089,54.260168007643124,HOLD
2025-07-18,3587,3377.6301844879285,3282.070368124053,95.5598163638756,66.8970251885836,69.76184294244305,20.978766612214148,100.0,94.90909090909089,60.17015600709719,HOLD
2025-07-21,3580,3408.7640022590167,3304.1392297444936,104.6247725145231,74.4425746537715,69.14308276273375,22.215008545129034,98.09264305177112,94.27330525968127,56.37228772087597,SELL
2025-07-22,3539,3428.8003096037833,3321.5363238374944,107.2639857662889,81.00685687627498,65.4797056295457,22.839608038773388,86.5546218487395,94.88242163350351,55.27426716938483,BUY
2025-07-23,3524,3443.446415818586,3336.5336331828653,106.91278263572076,86.18804202816415,64.140771667099,23.228317053192548,82.3529411764706,89.00006869232705,52.39753380014305,HOLD
2025-07-24,3488,3450.3008133849576,3347.7533640582087,102.54744932674885,89.4599234878811,60.92106820759421,23.129303616571217,72.26890756302521,80.39215686274508,51.22628138584712,HOLD
2025-07-25,3426,3446.562226710349,3353.549411165008,93.0128155453408,90.17050189937304,55.73231900023487,22.29611284939606,54.90196078431372,69.84126984126983,51.99583271542947,HOLD
2025-07-28,3373,3435.2449610626027,3354.9901955231558,80.25476553944691,88.18735462738782,51.68014784170773,20.943554229629676,40.056022408963585,55.742296918767494,52.06755895004165,SELL
2025-07-29,3464,3439.6688132068175,3363.0649958547738,76.60381735204373,85.87064717231901,57.40645523754166,20.505650772833008,65.54621848739495,53.50140056022408,54.848447596467246,HOLD
2025-07-30,3380,3430.488995790384,3364.319440606272,66.16955518411169,81.93042877467755,51.3563143679175,19.23472043516663,42.016806722689076,49.20634920634919,56.93070133957673,HOLD
2025-07-31,3405,3426.5676118226324,3367.3328153761777,59.234796446454766,77.391302309033,52.945771499229,18.281636120133385,30.79847908745247,46.12050143251216,54.64993695817839,HOLD
2025-08-01,3433,3427.5572100037657,3372.197051274238,55.360158729527484,72.98507359313189,54.729941006047525,17.651510593700802,28.037383177570092,33.6175563292372,52.746370032594214,HOLD
2025-08-04,3457,3432.0868700031865,3378.47875117985,53.608118823336554,69.10968263917282,56.26083744495198,17.285093508846654,39.25233644859813,32.69606623787356,50.69305788740892,HOLD
2025-08-05,3433,3432.227351541158,3382.5173622035645,49.70998933759347,65.22974397885696,54.28391076015798,16.662431013415762,28.037383177570092,31.77570093457943,48.78641089545114,HOLD
2025-08-06,3429,3431.7308359194412,3385.960520558856,45.7703153605853,61.33785825520263,53.94369183366937,16.03564171311109,26.16822429906542,31.15264797507787,45.58738154577606,HOLD
2025-08-07,3514,3444.3876303933735,3395.444926443385,48.9427039499883,58.85882739415977,59.7208150893655,16.27892634982036,68.1159420289855,40.773849835206995,48.402568578220624,HOLD
2025-08-08,3581,3465.4049180251623,3409.189746706838,56.21517131832434,58.33009617899268,63.59696580261851,17.05856930750512,100.0,64.76138877601697,49.73095653691915,HOLD
2025-08-11,3551,3478.5733921751375,3419.6942099137386,58.87918226139891,58.43991339547393,60.77671122702173,17.37963001557012,85.57692307692308,84.56428836863618,48.32160249856778,BUY
2025-08-12,3580,3494.177485686655,3431.5687128830914,62.608772803563625,59.27368527709187,62.507552089872675,17.925020787929256,99.51923076923077,95.03205128205127,46.94148803438436,HOLD
2025-08-13,3586,3508.3040263502467,3443.008067484344,65.29595886590278,60.47813999485406,62.87259645479944,18.483604269986735,100.0,95.03205128205127,44.01709603192834,HOLD
2025-08-14,3600,3522.4110992194396,3454.6370995225407,67.77399969689895,61.93731193526304,63.75926303838184,19.128955583244732,100.0,99.83974358974358,41.87301774393346,HOLD
2025-08-15,3607,3535.424776262603,3465.923240298649,69.50153596395376,63.45015674100118,64.2193800720062,19.793941377317818,100.0,100.0,39.382087905081065,HOLD
2025-08-18,3640,3551.5132722222024,3478.817815091342,72.69545713086063,65.29921681897306,66.38604375721135,20.720951563736122,100.0,100.0,38.92622448328956,SELL
2025-08-19,3624,3562.6650764957094,3489.5720510105016,73.09302548520782,66.85797855222002,64.35138188408393,21.29108078167392,93.19148936170212,97.7304964539007,37.28863702019745,BUY
2025-08-20,3600,3568.408910880985,3497.7518990837975,70.65701179718735,67.6177852012135,61.315654488114596,21.38681117938325,81.04265402843602,91.41138113004604,36.33944866161192,HOLD
2025-08-21,3528,3562.1921553608336,3499.9924991516646,62.19965620916901,66.5341594028046,53.20650084718981,20.31725325879477,46.91943127962085,73.71785822325297,38.88663090006821,SELL
2025-08-22,3561,3562.0087468437823,3504.5115732885783,57.49717355520397,64.72676223328448,56.073929630477835,19.733725001232926,62.55924170616114,63.50710900473933,38.46615726434906,HOLD
2025-08-25,3554,3560.776631944739,3508.1773826746094,52.5992492701298,62.30125964065355,55.2998250119465,19.08129096653641,59.241706161137444,56.24012638230647,36.21857460260984,HOLD
2025-08-26,3558,3560.3494577993947,3511.8679469209346,48.481510878460085,59.53730988821486,55.67637322439675,18.529251962908692,34.92063492063492,52.240527595977824,33.91724784528056,HOLD
2025-08-27,3565,3561.064925830257,3515.803654556421,45.26127127383597,56.68210216533909,56.369047082298586,18.11559772183622,33.035714285714285,42.3993517891622,31.994587284903382,HOLD
2025-08-28,3608,3568.2857064717555,3522.6330134781674,45.65269299358806,54.47622033098889,60.45710524288057,18.315498505642292,71.42857142857143,46.4616402116402,32.78068819312457,HOLD
2025-08-29,3591,3571.7802131684084,3527.697234702007,44.08297846640153,52.39757195807142,58.13786059541733,18.169800017110553,56.25,53.57142857142856,31.653496179329956,HOLD
2025-09-01,3609,3577.5063342194226,3533.7196617611175,43.78667245830502,50.67539205811814,59.89228787037001,18.285141025673855,72.32142857142857,66.66666666666667,30.67824645223496,HOLD
2025-09-02,3574,3576.9668981856653,3536.7033905195535,40.263507666111764,48.59301517971687,55.06022930705722,17.70194934540036,41.07142857142857,56.54761904761904,30.986943134218173,HOLD
2025-09-03,3567,3575.4335292340247,3538.9475838144012,36.48594541962348,46.17160122769819,54.11978724405891,17.02606535387987,34.82142857142857,49.40476190476189,29.27359005320259,HOLD
2025-09-04,3583,3576.5976016595596,3542.210725754075,34.38687590548443,43.81465616325544,55.97093104767595,16.662907898732758,49.107142857142854,41.66666666666666,28.325476477973833,HOLD
2025-09-05,3597,3579.736432173474,3546.2691905130323,33.46724166044169,41.745173262692695,57.58358587687487,16.55606951819416,71.875,51.934523809523796,27.30222815811856,HOLD
2025-09-08,3610,3584.3923656852476,3550.9899912157707,33.402374469476854,40.07661350404953,59.08228113651032,16.670961769308935,100.0,73.66071428571428,26.28064043253866,HOLD
2025-09-09,3644,3593.5627709644405,3557.8796214960844,35.68314946835608,39.19792069691084,62.785751584592866,17.306714630135087,100.0,90.625,26.832023258785902,HOLD
2025-09-10,3618,3597.322344662219,3562.3329828667447,34.98936179547445,38.356208916623565,58.43047257123478,17.274873880113443,71.11111111111111,90.37037037037037,26.77259302601548,HOLD
2025-09-11,3617,3600.349676252647,3566.382391543282,33.967284709364776,37.47842407517181,58.26307097586417,17.221392956624808,70.0,80.37037037037037,24.93169352415723,HOLD
2025-09-12,3546,3591.9881875983933,3564.872584762298,27.11560283609515,35.40585982735648,47.79343718867989,16.30651674309414,0.0,47.03703703703703,28.22228684386028,HOLD
2025-09-15,3514,3579.9900048909485,3561.1042451502763,18.885759740672256,32.101839810019634,43.95931987962036,16.004719861251612,0.0,23.333333333333325,28.492123497870264,HOLD
2025-09-16,3520,3570.760773369264,3558.0594862502558,12.701287119008157,28.22172927181734,44.85264141268064,15.596862540123164,4.615384615384615,1.5384615384615288,26.88554324802239,HOLD
2025-09-17,3524,3563.566808235531,3555.5365613428294,8.030246892701598,24.183432795994193,45.47663550317671,15.12899587352123,7.6923076923076925,4.102564102564092,25.25086158744936,HOLD
2025-09-18,3500,3553.7872992762186,3551.4227419841013,2.364557292117297,19.819657695218815,42.378254910113384,15.13717404410821,0.0,4.102564102564092,25.161514331202977,HOLD
2025-09-19,3493,3544.435407079877,3547.0951314667604,-2.6597243868832265,15.323781278798407,41.49035288356618,15.271611203825445,0.0,2.5641025641025545,23.86426330754562,HOLD
2025-09-22,3526,3541.59919060605,3545.5325291358895,-3.9333385298396024,11.472357317070806,47.11569994856867,14.592824713150703,21.85430463576159,7.284768211920521,24.516815928435218,HOLD
2025-09-23,3548,3542.5839305128115,3545.7153047554534,-3.1313742426418685,8.551611005128272,50.530408129497,13.626252657585079,36.42384105960265,19.426048565121405,24.337043362118415,HOLD
2025-09-24,3632,3556.340248895456,3552.1067636624566,4.233485232999556,7.687985850702529,60.90912216831984,14.21139488371106,92.05298013245033,50.11037527593819,28.5986831219671,HOLD
2025-09-25,3618,3565.8263644500016,3556.9877441319045,8.838620318097128,7.91811274418145,58.69873969417333,14.438972316769123,82.78145695364239,70.41942604856511,27.555920041826592,BUY
2025-09-26,3410,3541.85307761154,3546.0997630850966,-4.246685473556681,5.485153100633823,37.13611767675055,15.245314622707394,0.0,58.27814569536423,40.44478289598184,SELL
2025-09-29,3350,3512.3372195174566,3531.573854708423,-19.236635190966354,0.5407954423137884,33.332370896674774,16.53745344345637,0.0,27.593818984547454,41.84158411769742,HOLD
2025-09-30,3318,3482.4391857455403,3515.7535691744656,-33.31438342892534,-6.230240331934038,31.480381497330868,18.001866547018743,0.0,0.0,41.13861382357618,HOLD
2025-10-01,3186,3436.8331571693034,3491.327378865246,-54.49422169594254,-15.88303660473574,25.248530812590147,20.251943095153372,0.0,0.0,47.62871283617788,HOLD
2025-10-02,3188,3398.5511329894107,3468.8586841344872,-70.30755114507656,-26.767939512803906,25.48920913364549,22.306917272767798,0.4484304932735426,0.1494768310911714,44.369519062165175,HOLD
2025-10-03,3122,3356.0048048371937,3443.165448272673,-87.16064343547941,-38.84648029733901,22.872099612406473,24.58898036868883,0.0,0.1494768310911714,45.91455341486766,HOLD
2025-10-06,3115,3318.9271425545485,3418.8568965487716,-99.92975399422312,-51.063135036715835,22.60697697182242,26.74591362065887,0.0,0.1494768310911714,43.13494245666283,HOLD
